{"cameraMode":{"drawMode":0,"name":"Shaded","section":"Shading Mode"},"sceneLighting":true,"audioPlay":false,"sceneViewState":{"showFog":true,"showMaterialUpdate":false,"showSkybox":true,"showFlares":true,"showImageEffects":true,"showParticleSystems":true},"in2DMode":false,"pivot":{"x":112.25181579589844,"y":-27.962139129638673,"z":45.93629455566406},"rotation":{"x":-0.15883907675743104,"y":-0.10902560502290726,"z":0.017709044739603998,"w":-0.9811657667160034},"size":196.84078979492188,"orthographic":false}