{"cameraMode":{"drawMode":0,"name":"Shaded","section":"Shading Mode"},"sceneLighting":true,"audioPlay":false,"sceneViewState":{"showFog":true,"showMaterialUpdate":true,"showSkybox":true,"showFlares":true,"showImageEffects":true,"showParticleSystems":true},"in2DMode":false,"pivot":{"x":232.59991455078126,"y":-157.89857482910157,"z":123.14009094238281},"rotation":{"x":-0.2321300208568573,"y":-0.472969651222229,"z":0.13025832176208497,"w":-0.8400253057479858},"size":344.1242980957031,"orthographic":false}