{"cameraMode":{"drawMode":0,"name":"Shaded","section":"Shading Mode"},"sceneLighting":false,"audioPlay":false,"sceneViewState":{"showFog":true,"showMaterialUpdate":false,"showSkybox":false,"showFlares":true,"showImageEffects":true,"showParticleSystems":true},"in2DMode":false,"pivot":{"x":17.656999588012697,"y":2.309999942779541,"z":-7.900000095367432},"rotation":{"x":0.17700724303722382,"y":0.8199993371963501,"z":-0.3442763388156891,"w":0.42159727215766909},"size":0.8573647737503052,"orthographic":false}