{"cameraMode":{"drawMode":0,"name":"Shaded","section":"Shading Mode"},"sceneLighting":true,"audioPlay":false,"sceneViewState":{"showFog":true,"showMaterialUpdate":false,"showSkybox":true,"showFlares":true,"showImageEffects":true,"showParticleSystems":true},"in2DMode":false,"pivot":{"x":16.721843719482423,"y":11.682109832763672,"z":17.19772720336914},"rotation":{"x":0.12607836723327638,"y":-0.5308207273483276,"z":-0.08022617548704148,"w":-0.8342101573944092},"size":29.111610412597658,"orthographic":false}