{"cameraMode":{"drawMode":0,"name":"Shaded","section":"Shading Mode"},"sceneLighting":true,"audioPlay":false,"sceneViewState":{"showFog":true,"showMaterialUpdate":false,"showSkybox":true,"showFlares":true,"showImageEffects":true,"showParticleSystems":true},"in2DMode":false,"pivot":{"x":45.9337272644043,"y":-28.021432876586915,"z":-43.13409423828125},"rotation":{"x":0.050736796110868457,"y":0.9247413277626038,"z":-0.3531680703163147,"w":0.1329629272222519},"size":61.18620300292969,"orthographic":false}