{"cameraMode":{"drawMode":0,"name":"Shaded","section":"Shading Mode"},"sceneLighting":true,"audioPlay":false,"sceneViewState":{"showFog":true,"showMaterialUpdate":false,"showSkybox":true,"showFlares":true,"showImageEffects":true,"showParticleSystems":true},"in2DMode":false,"pivot":{"x":12.383159637451172,"y":9.390926361083985,"z":-1.2806148529052735},"rotation":{"x":0.04639844596385956,"y":-0.4577278196811676,"z":-0.023852825164794923,"w":-0.8876439332962036},"size":23.383913040161134,"orthographic":false}