{"cameraMode":{"drawMode":0,"name":"Shaded","section":"Shading Mode"},"sceneLighting":true,"audioPlay":false,"sceneViewState":{"showFog":true,"showMaterialUpdate":false,"showSkybox":true,"showFlares":true,"showImageEffects":true,"showParticleSystems":true},"in2DMode":false,"pivot":{"x":5.8307037353515629,"y":-27.470165252685548,"z":-11.51999282836914},"rotation":{"x":0.00896258931607008,"y":-0.8165608644485474,"z":0.5771852135658264,"w":0.01246387604624033},"size":78.04823303222656,"orthographic":false}