{"cameraMode":{"drawMode":0,"name":"Shaded","section":"Shading Mode"},"sceneLighting":true,"audioPlay":false,"sceneViewState":{"showFog":true,"showMaterialUpdate":false,"showSkybox":false,"showFlares":true,"showImageEffects":true,"showParticleSystems":true},"in2DMode":false,"pivot":{"x":3.086597442626953,"y":-0.5374460220336914,"z":21.920230865478517},"rotation":{"x":-0.09511801600456238,"y":-0.05313977599143982,"z":0.005085598677396774,"w":-0.9940363168716431},"size":70.03330993652344,"orthographic":false}