{"cameraMode":{"drawMode":0,"name":"Shaded","section":"Shading Mode"},"sceneLighting":true,"audioPlay":false,"sceneViewState":{"showFog":true,"showMaterialUpdate":true,"showSkybox":true,"showFlares":true,"showImageEffects":true,"showParticleSystems":true},"in2DMode":false,"pivot":{"x":-96.75437927246094,"y":-240.74899291992188,"z":112.61248779296875},"rotation":{"x":-0.446740061044693,"y":0.32489052414894106,"z":-0.1786561757326126,"w":-0.8143375515937805},"size":334.0115051269531,"orthographic":false}