{"cameraMode":{"drawMode":0,"name":"Shaded","section":"Shading Mode"},"sceneLighting":true,"audioPlay":false,"sceneViewState":{"showFog":true,"showMaterialUpdate":true,"showSkybox":true,"showFlares":true,"showImageEffects":true,"showParticleSystems":true},"in2DMode":false,"pivot":{"x":-269.9252624511719,"y":-113.28267669677735,"z":-113.97216796875},"rotation":{"x":0.11004801094532013,"y":-0.8179457783699036,"z":0.1676630824804306,"w":0.5393947958946228},"size":344.1242980957031,"orthographic":false}