{"cameraMode":{"drawMode":0,"name":"Shaded","section":"Shading Mode"},"sceneLighting":false,"audioPlay":false,"sceneViewState":{"showFog":true,"showMaterialUpdate":false,"showSkybox":false,"showFlares":true,"showImageEffects":true,"showParticleSystems":true},"in2DMode":false,"pivot":{"x":-0.557623028755188,"y":0.008478343486785889,"z":0.714313268661499},"rotation":{"x":0.2823014557361603,"y":-0.3212915360927582,"z":0.10097350180149079,"w":0.8982661366462708},"size":0.4615592360496521,"orthographic":false}