{"cameraMode":{"drawMode":0,"name":"Shaded","section":"Shading Mode"},"sceneLighting":true,"audioPlay":false,"sceneViewState":{"showFog":true,"showMaterialUpdate":false,"showSkybox":true,"showFlares":true,"showImageEffects":true,"showParticleSystems":true},"in2DMode":false,"pivot":{"x":3.7539520263671877,"y":15.858802795410157,"z":4.470512390136719},"rotation":{"x":0.12507010996341706,"y":-0.09657400846481323,"z":0.01223316416144371,"w":0.9873608946800232},"size":136.98956298828126,"orthographic":false}